City_ID,City,Country,Lat,Lng,Max Temp,Humidity,Cloudiness,Wind Speed,Current Description
0,General Roca,AR,-39.0333,-67.5833,66.36,15,28,9.36,scattered clouds
1,Mataura,NZ,-46.1927,168.8643,46.13,95,98,0.9,overcast clouds
2,Albany,US,42.6001,-73.9662,41.88,85,100,0.92,moderate rain
3,Dharmavaram,IN,14.4333,77.7167,84.0,32,92,1.39,overcast clouds
4,Rikitea,PF,-23.1203,-134.9692,76.71,66,56,4.59,broken clouds
5,Hermanus,ZA,-34.4187,19.2345,61.81,87,1,3.84,clear sky
6,Ushuaia,AR,-54.8,-68.3,38.86,81,40,13.89,light rain
7,Arraial Do Cabo,BR,-22.9661,-42.0278,82.36,74,40,5.66,scattered clouds
8,Ribeira Grande,PT,38.5167,-28.7,64.8,63,20,4.63,few clouds
9,Cape Town,ZA,-33.9258,18.4232,65.12,80,0,6.17,clear sky
10,Bluff,NZ,-46.6,168.3333,56.23,75,98,5.49,overcast clouds
11,Mogok,MM,22.9167,96.5,60.42,94,56,1.62,broken clouds
12,Katsuura,JP,35.1333,140.3,54.25,87,100,8.05,moderate rain
13,Codrington,AU,-38.2667,141.9667,58.39,85,100,2.41,overcast clouds
14,Atuona,PF,-9.8,-139.0333,79.95,72,83,9.45,broken clouds
15,Kultuk,RU,51.7208,103.6956,26.42,97,100,0.66,light snow
16,Castro,BR,-24.7911,-50.0119,71.73,80,69,2.05,broken clouds
17,Quatre Cocos,MU,-20.2078,57.7625,80.1,79,21,5.85,few clouds
18,Puerto Leguizamo,CO,-0.1934,-74.7819,84.78,63,99,1.15,overcast clouds
19,Bandar-E Lengeh,IR,26.5579,54.8807,79.3,49,41,2.61,scattered clouds
20,Hithadhoo,MV,-0.6,73.0833,83.03,69,53,2.15,broken clouds
21,Alofi,NU,-19.0595,-169.9187,75.09,94,89,1.54,overcast clouds
22,Havoysund,NO,70.9963,24.6622,26.83,57,100,6.54,overcast clouds
23,Sao Francisco,BR,-15.9486,-44.8644,91.2,27,2,3.0,clear sky
24,Pevek,RU,69.7008,170.3133,-19.73,96,24,1.02,few clouds
25,Khatanga,RU,71.9667,102.5,-29.15,100,99,1.83,overcast clouds
26,Cherskiy,RU,68.75,161.3,-2.67,98,100,1.61,overcast clouds
27,East London,ZA,-33.0153,27.9116,72.39,89,100,6.89,overcast clouds
28,Semey,KZ,50.4111,80.2275,37.65,77,62,3.85,broken clouds
29,Mar Del Plata,AR,-38.0023,-57.5575,75.22,62,40,9.77,scattered clouds
30,Kapaa,US,22.0752,-159.319,78.19,78,40,9.26,scattered clouds
31,Krasavino,RU,60.9614,46.4814,24.8,93,100,4.19,overcast clouds
32,Omboue,GA,-1.5746,9.2618,78.1,87,77,2.17,broken clouds
33,Miyako,JP,39.6367,141.9525,43.88,88,100,2.71,overcast clouds
34,Bredasdorp,ZA,-34.5322,20.0403,61.47,88,56,1.02,broken clouds
35,New Norfolk,AU,-42.7826,147.0587,56.7,89,99,0.46,overcast clouds
36,Faanui,PF,-16.4833,-151.75,81.82,75,71,4.7,broken clouds
37,Kondinskoye,RU,59.6481,67.41,35.53,100,100,6.64,overcast clouds
38,Souillac,MU,-20.5167,57.5167,79.18,83,75,5.14,broken clouds
39,Tuktoyaktuk,CA,69.4541,-133.0374,-20.2,69,20,1.03,few clouds
40,San Blas,MX,21.5167,-105.2667,98.49,63,2,4.15,clear sky
41,Hobart,AU,-42.8794,147.3294,57.06,95,100,2.57,overcast clouds
42,Kodiak,US,57.79,-152.4072,36.91,65,100,5.14,overcast clouds
43,Yulara,AU,-25.2406,130.9889,57.04,35,0,2.06,clear sky
44,Nevinnomyssk,RU,44.6267,41.9453,48.74,81,100,9.94,overcast clouds
45,Bengkulu,ID,-3.8004,102.2655,76.93,82,100,2.06,overcast clouds
46,Ust-Tsilma,RU,65.441,52.1498,22.14,94,100,3.9,light snow
47,Namatanai,PG,-3.6667,152.4333,78.37,85,100,1.07,light rain
48,Kahului,US,20.8947,-156.47,78.82,66,40,11.32,scattered clouds
49,Port Elizabeth,ZA,-33.918,25.5701,64.09,96,0,3.6,clear sky
50,Kurilsk,RU,45.2333,147.8833,35.28,77,0,3.62,clear sky
51,Princeville,CA,45.7668,-61.2985,42.91,70,0,4.63,clear sky
52,Solvychegodsk,RU,61.3305,46.9156,23.58,94,100,3.8,overcast clouds
53,Saint George,US,37.1041,-113.5841,75.63,21,0,1.54,clear sky
54,Chokurdakh,RU,70.6333,147.9167,-21.78,100,81,1.15,broken clouds
55,Cheremshan,RU,54.6667,51.5,40.39,92,93,3.47,overcast clouds
56,Guerrero Negro,MX,27.9769,-114.0611,65.97,53,31,6.55,scattered clouds
57,Busselton,AU,-33.65,115.3333,62.58,81,51,7.59,broken clouds
58,Qaanaaq,GL,77.484,-69.3632,14.67,75,92,2.7,overcast clouds
59,Myitkyina,MM,25.3833,97.4,65.61,94,73,0.51,broken clouds
60,Nikolskoye,RU,59.7035,30.7861,30.7,96,35,1.32,scattered clouds
61,Butaritari,KI,3.0707,172.7902,81.46,72,98,6.48,overcast clouds
62,Iqaluit,CA,63.7506,-68.5145,26.33,86,75,10.29,broken clouds
63,Abaza,RU,52.655,90.0928,39.56,99,100,2.49,moderate rain
64,Samarai,PG,-10.6167,150.6667,80.8,77,92,4.43,overcast clouds
65,Mayor Pablo Lagerenza,PY,-19.9309,-60.7718,96.84,29,3,6.44,clear sky
66,Hilo,US,19.7297,-155.09,78.53,76,100,3.09,heavy intensity rain
67,Tasiilaq,GL,65.6145,-37.6368,30.36,95,95,2.12,overcast clouds
68,Tartagal,AR,-22.5164,-63.8013,83.26,39,0,1.68,clear sky
69,Ranong,TH,9.9658,98.6348,75.61,90,83,1.53,moderate rain
70,Anadyr,RU,64.75,177.4833,-8.9,77,0,2.0,clear sky
71,Jamestown,US,42.097,-79.2353,33.71,75,100,4.12,light snow
72,Kavieng,PG,-2.5744,150.7967,80.69,78,100,2.07,light rain
73,Sangar,RU,63.9242,127.4739,7.11,98,100,0.42,overcast clouds
74,Hashtrud,IR,37.4779,47.0508,55.26,44,16,2.76,few clouds
75,Dikson,RU,73.5069,80.5464,-2.94,100,45,4.11,scattered clouds
76,Zaranj,AF,30.9667,61.8833,69.76,11,8,2.54,clear sky
77,Sibolga,ID,1.7427,98.7792,74.8,87,94,1.03,overcast clouds
78,Talnakh,RU,69.4865,88.3972,-0.22,98,86,2.66,overcast clouds
79,Barrow,US,71.2906,-156.7887,-7.58,71,40,7.2,mist
80,Mogadishu,SO,2.0371,45.3438,81.68,78,60,6.26,broken clouds
81,Carutapera,BR,-1.195,-46.02,79.02,88,100,3.1,moderate rain
82,Matata,NZ,-37.8833,176.75,63.84,84,6,1.67,clear sky
83,Santana Do Livramento,BR,-30.8908,-55.5328,62.82,98,100,3.86,light rain
84,Kashmor,PK,28.4333,69.5833,85.68,5,6,2.67,clear sky
85,Tiksi,RU,71.6872,128.8694,4.77,98,100,3.58,overcast clouds
86,Naze,JP,28.3667,129.4833,58.12,61,13,5.43,few clouds
87,Croy,CH,46.6946,6.4772,34.43,93,76,3.28,broken clouds
88,Kaitangata,NZ,-46.2817,169.8464,47.16,94,92,2.31,overcast clouds
89,Kapoeta,SS,4.7717,33.5903,85.24,39,98,2.08,overcast clouds
90,Poplar Bluff,US,36.757,-90.3929,64.13,36,0,4.63,clear sky
91,Tiarei,PF,-17.5333,-149.3333,84.22,76,32,5.68,light rain
92,Punta Arenas,CL,-53.15,-70.9167,41.11,87,40,10.29,light intensity shower rain
93,Meulaboh,ID,4.1363,96.1285,74.25,84,100,1.38,overcast clouds
94,Puri,IN,19.8,85.85,79.9,87,8,9.31,clear sky
95,Malinovskiy,RU,61.1953,62.8397,33.28,98,100,4.5,overcast clouds
96,Esqueda,MX,30.7167,-109.5833,76.71,11,93,8.32,overcast clouds
97,Altay,CN,47.8667,88.1167,34.27,54,2,3.74,clear sky
98,Pareora,NZ,-44.4871,171.2132,53.08,89,86,1.3,overcast clouds
99,Agarak,AM,39.2068,46.5446,58.66,36,6,3.92,clear sky
100,Upernavik,GL,72.7868,-56.1549,18.46,86,46,1.77,scattered clouds
101,Gangakher,IN,18.95,76.75,90.14,17,100,2.76,overcast clouds
102,Geraldton,AU,-28.7667,114.6,72.01,88,75,6.69,broken clouds
103,Hervey Bay,AU,-25.2986,152.8535,68.02,92,2,2.68,clear sky
104,Alta Gracia,AR,-31.6529,-64.4283,75.54,30,0,6.65,clear sky
105,Norman Wells,CA,65.282,-126.8329,-3.96,54,75,2.06,broken clouds
106,Saint-Philippe,RE,-21.3585,55.7679,74.79,91,100,6.14,heavy intensity rain
107,Yellowknife,CA,62.456,-114.3525,19.42,68,75,7.72,broken clouds
108,Olinda,BR,-8.0089,-34.8553,83.93,74,40,4.63,scattered clouds
109,Avarua,CK,-21.2078,-159.775,77.05,94,20,1.03,few clouds
110,Sajanan,TN,37.0573,9.2426,50.92,78,100,4.58,overcast clouds
111,Raahe,FI,64.6833,24.4833,15.89,95,58,1.44,broken clouds
112,Vaini,TO,-21.2,-175.2,73.56,100,100,2.57,light intensity shower rain
113,Okhotsk,RU,59.3833,143.3,17.02,92,100,3.92,overcast clouds
114,Rovaniemi,FI,66.5,25.7167,24.21,93,40,2.06,scattered clouds
115,Santa Cruz,BO,-17.8,-63.1667,86.05,48,20,10.29,few clouds
116,Sorland,NO,67.667,12.6934,31.86,69,28,4.71,scattered clouds
117,Nizhniy Kuranakh,RU,58.8353,125.4869,15.13,96,100,2.12,light snow
118,Nanortalik,GL,60.1432,-45.2371,37.85,80,98,2.41,overcast clouds
119,Isla Mujeres,MX,21.2311,-86.731,87.85,68,7,6.09,clear sky
120,Cody,US,44.5263,-109.0565,51.26,11,0,2.06,clear sky
121,Vanavara,RU,60.34,102.2797,-1.7,99,42,1.5,scattered clouds
122,Constitucion,CL,-35.3333,-72.4167,62.78,44,0,9.88,clear sky
123,Tezu,IN,27.9167,96.1667,66.15,96,100,2.08,heavy intensity rain
124,Itaituba,BR,-4.2761,-55.9836,82.56,83,75,1.54,broken clouds
125,Ati,TD,13.2154,18.3353,90.86,8,100,4.1,overcast clouds
126,Puerto Ayora,EC,-0.7393,-90.3518,85.96,76,45,5.19,light rain
127,Te Anau,NZ,-45.4167,167.7167,46.22,75,69,0.42,broken clouds
128,Khilok,RU,51.3674,110.4676,23.11,97,100,0.48,light snow
129,Rohtak,IN,28.9,76.5667,77.32,6,2,1.32,clear sky
130,Nioro,GM,13.35,-15.75,80.83,43,96,5.54,overcast clouds
131,Gizo,SB,-8.103,156.8419,82.2,76,100,3.77,overcast clouds
132,Lebu,CL,-37.6167,-73.65,56.89,63,0,8.33,clear sky
133,Weiser,US,44.251,-116.9693,60.87,36,100,2.24,overcast clouds
134,Buchanan,LR,5.8808,-10.0467,79.5,85,86,3.77,overcast clouds
135,Tahoua,NE,14.8888,5.2692,86.23,4,76,1.94,broken clouds
136,Bonoua,CI,5.2741,-3.595,83.82,87,95,3.6,overcast clouds
137,Hobyo,SO,5.3505,48.5268,81.61,74,25,4.45,scattered clouds
138,Lagoa,PT,39.05,-27.9833,58.95,82,0,8.57,clear sky
139,Mount Gambier,AU,-37.8333,140.7667,46.31,100,38,2.57,mist
140,Yerbogachen,RU,61.2767,108.0108,4.14,96,93,2.73,overcast clouds
141,Longyearbyen,SJ,78.2186,15.6401,6.64,56,20,8.23,few clouds
142,Maceio,BR,-9.6658,-35.7353,83.64,69,75,5.66,broken clouds
143,Rawson,AR,-43.3002,-65.1023,62.29,26,13,7.05,few clouds
144,Itaueira,BR,-7.6033,-43.0256,88.21,46,26,1.94,scattered clouds
145,Datong,CN,40.0936,113.2914,43.09,30,41,1.67,scattered clouds
146,Provideniya,RU,64.3833,-173.3,2.8,74,0,5.14,clear sky
147,Bethel,US,41.3712,-73.414,43.02,88,100,0.0,light rain
148,Mana,GF,5.6592,-53.7767,80.01,83,40,5.11,scattered clouds
149,Nehe,CN,48.4833,124.8333,43.93,44,61,2.68,broken clouds
150,Port Alfred,ZA,-33.5906,26.891,68.18,91,98,1.34,overcast clouds
151,Lovozero,RU,68.005,35.0117,12.38,94,100,3.46,overcast clouds
152,Brae,GB,60.3964,-1.353,46.72,96,100,9.58,overcast clouds
153,Bocas Del Toro,PA,9.3333,-82.25,82.58,71,45,4.85,scattered clouds
154,Grand Gaube,MU,-20.0064,57.6608,80.38,81,27,2.68,scattered clouds
155,Warrington,GB,53.3925,-2.5802,46.96,70,20,4.12,few clouds
156,Cabo San Lucas,MX,22.8909,-109.9124,77.61,57,0,4.63,clear sky
157,Mukhen,RU,48.1,136.1,39.79,64,0,5.64,clear sky
158,Biak,ID,-0.9131,122.8766,76.44,86,100,1.04,overcast clouds
159,San Quintin,MX,30.4833,-115.95,63.66,58,30,5.08,scattered clouds
160,Broome,US,42.2506,-75.833,40.86,81,100,7.2,overcast clouds
161,Merauke,ID,-8.4667,140.3333,77.32,83,41,2.32,scattered clouds
162,Felanitx,ES,39.4696,3.1483,48.96,62,100,7.89,overcast clouds
163,Vavoua,CI,7.3819,-6.4778,78.53,73,100,1.51,overcast clouds
164,Jinchang,CN,38.4953,102.1739,47.82,17,98,4.62,overcast clouds
165,Ixtapa,MX,20.7,-105.2,78.03,57,0,3.6,clear sky
166,Ponta Do Sol,PT,32.6667,-17.1,61.43,71,100,6.86,overcast clouds
167,Thompson,CA,55.7435,-97.8558,37.56,48,100,5.14,overcast clouds
168,Songjianghe,CN,42.1859,127.479,32.09,70,2,2.86,clear sky
169,Burnie,AU,-41.0667,145.9167,58.24,76,56,1.33,broken clouds
170,Shahrud,IR,36.4182,54.9763,64.87,23,0,1.4,clear sky
171,Ust-Kuyga,RU,70.0167,135.6,-23.98,100,99,0.42,overcast clouds
172,Dire,ML,12.2833,-10.9667,93.45,13,100,1.19,overcast clouds
173,Clyde River,CA,70.4692,-68.5914,12.43,85,75,3.6,broken clouds
174,Mahebourg,MU,-20.4081,57.7,80.26,83,75,5.14,broken clouds
175,Pisco,PE,-13.7,-76.2167,73.45,64,0,8.23,clear sky
176,Dzaoudzi,YT,-12.7887,45.2699,82.29,78,100,3.6,overcast clouds
177,Salinopolis,BR,-0.6136,-47.3561,81.73,78,78,4.41,moderate rain
178,Ostrovnoy,RU,68.0531,39.5131,15.84,92,100,2.94,overcast clouds
179,Vigrestad,NO,58.5667,5.7,41.59,93,100,10.73,light rain
180,Batagay,RU,67.6333,134.6333,-14.06,99,98,0.56,overcast clouds
181,Pontianak,ID,-0.0333,109.3333,76.98,94,75,1.03,broken clouds
182,Katuli,PH,7.4333,124.2167,73.38,92,88,1.67,overcast clouds
183,Stryn,NO,61.9045,6.7226,36.32,98,100,1.29,light rain
184,Calvinia,ZA,-31.4707,19.776,59.16,63,0,3.38,clear sky
185,Lata,PT,40.1629,-8.3327,54.81,46,1,2.15,clear sky
186,Korla,CN,41.7597,86.1469,57.02,23,0,1.57,clear sky
187,Moree,AU,-29.4667,149.85,60.82,94,100,3.6,overcast clouds
188,Hasaki,JP,35.7333,140.8333,48.29,75,98,9.46,light rain
189,Birjand,IR,32.8663,59.2211,59.47,15,0,4.12,clear sky
190,Kushima,JP,31.4583,131.2333,47.84,61,0,2.19,clear sky
191,Ilulissat,GL,69.2167,-51.1,30.22,74,75,2.06,broken clouds
192,Benguela,AO,-12.5763,13.4055,77.4,81,93,1.8,overcast clouds
193,La Asuncion,VE,11.0333,-63.8628,85.73,58,3,10.29,clear sky
194,Prince Rupert,CA,54.3161,-130.3201,42.89,70,75,11.83,broken clouds
195,Cidreira,BR,-30.1811,-50.2056,69.98,95,100,8.55,moderate rain
196,Arlit,NE,18.7369,7.3853,90.14,6,2,2.4,clear sky
197,Saint-Joseph,RE,-21.3667,55.6167,73.78,88,100,5.9,moderate rain
198,Waddan,LY,29.1614,16.139,80.89,11,1,6.82,clear sky
199,Cayenne,GF,4.9333,-52.3333,82.44,1,40,4.63,light rain
200,Umm Kaddadah,SD,13.6017,26.6876,84.74,9,100,5.45,overcast clouds
201,Mehamn,NO,71.0357,27.8492,28.31,65,96,5.05,overcast clouds
202,Henties Bay,NA,-22.116,14.2845,61.66,83,0,2.2,clear sky
203,Tura,IN,25.5198,90.2201,69.84,94,11,2.82,moderate rain
204,Esperance,AU,-33.8667,121.9,62.44,92,100,3.37,light rain
205,Caravelas,BR,-17.7125,-39.2481,80.02,68,0,2.97,clear sky
206,Grindavik,IS,63.8424,-22.4338,41.47,93,75,9.26,broken clouds
207,Sitka,US,57.0531,-135.33,39.09,87,100,7.72,moderate rain
208,Cam Ranh,VN,11.9214,109.1591,76.96,69,75,5.66,broken clouds
209,Turukhansk,RU,65.8167,87.9833,-5.08,100,23,1.77,few clouds
210,Hastings,GB,50.8552,0.5729,45.52,62,59,4.55,broken clouds
211,Bathsheba,BB,13.2167,-59.5167,84.81,58,20,8.75,few clouds
212,Lac Du Bonnet,CA,50.2536,-96.0612,35.08,77,100,1.19,overcast clouds
213,Severo-Kurilsk,RU,50.6789,156.125,30.2,87,23,5.18,few clouds
214,College,US,64.8569,-147.8028,21.99,63,75,1.54,broken clouds
215,Upata,VE,8.0086,-62.3989,82.71,56,100,2.57,overcast clouds
216,Tual,ID,-5.6667,132.75,81.7,66,51,0.92,broken clouds
217,Ravar,IR,31.2656,56.8055,70.65,13,72,1.62,broken clouds
218,Saint-Georges,GD,12.0564,-61.7485,83.88,65,40,12.86,scattered clouds
219,Adet,ET,11.2644,37.4888,68.36,38,80,3.34,broken clouds
220,Abu Dhabi,AE,24.4667,54.3667,75.31,85,0,0.51,clear sky
221,Chokwe,MZ,-24.5333,32.9833,78.94,53,0,4.79,clear sky
222,Sambava,MG,-14.2667,50.1667,77.65,87,100,3.89,light rain
223,Hami,CN,42.8,93.45,53.71,25,0,3.78,clear sky
224,Notre-Dame-Du-Lac,CA,47.6136,-68.7964,43.14,82,100,3.43,overcast clouds
225,Sao Filipe,CV,14.8961,-24.4956,71.13,76,4,4.26,clear sky
226,Poum,NC,-20.2333,164.0167,81.99,82,100,7.96,overcast clouds
227,Tautira,PF,-17.7333,-149.15,81.81,77,20,6.6,light rain
228,Coquimbo,CL,-29.9533,-71.3436,62.33,72,0,5.66,clear sky
229,Dryden,CA,49.7833,-92.7503,35.89,69,100,0.0,overcast clouds
230,Limon,CR,10.0,-83.0333,84.09,74,40,3.09,scattered clouds
231,Erdenet,MN,49.0333,104.0833,35.51,52,93,3.06,overcast clouds
232,Brunsbuttel,DE,53.9,9.15,44.11,82,61,2.24,broken clouds
233,Tuatapere,NZ,-46.1333,167.6833,46.99,92,87,1.54,overcast clouds
234,Torbay,CA,47.6666,-52.7314,41.88,71,20,15.95,few clouds
235,Kindu,CD,-2.95,25.95,71.53,97,67,1.0,light rain
236,Westport,US,41.1415,-73.3579,44.91,92,100,2.57,overcast clouds
237,Svay Rieng,KH,11.0879,105.7993,75.54,71,100,3.44,overcast clouds
238,Aykhal,RU,66.0,111.5,3.76,97,100,3.77,overcast clouds
239,Marawi,PH,7.9986,124.2928,67.33,95,89,0.44,overcast clouds
240,Kyra,RU,49.5776,111.9753,28.0,82,69,0.92,broken clouds
241,Vila Velha,BR,-20.3297,-40.2925,84.15,79,40,4.63,scattered clouds
242,Ancud,CL,-41.8697,-73.8203,50.23,67,81,4.02,broken clouds
243,Taltal,CL,-25.4,-70.4833,67.23,66,22,2.37,few clouds
244,Gillette,US,44.2911,-105.5022,49.1,29,0,10.8,clear sky
245,Rurrenabaque,BO,-14.4413,-67.5278,87.55,45,0,1.97,clear sky
246,Chany,RU,55.3121,76.7647,33.35,100,100,3.04,overcast clouds
247,Zalesovo,RU,53.9939,84.7431,33.12,100,100,1.17,overcast clouds
248,Nuuk,GL,64.1835,-51.7216,36.21,87,20,5.14,few clouds
249,Usinsk,RU,65.9939,57.5281,19.71,85,100,5.4,overcast clouds
250,Samana,DO,19.2056,-69.3369,87.76,74,40,4.12,scattered clouds
251,Port Blair,IN,11.6667,92.75,82.44,78,40,2.57,mist
252,Olafsvik,IS,64.8945,-23.7142,36.0,93,100,7.8,overcast clouds
253,Nizwa,OM,22.9333,57.5333,77.72,26,0,2.7,clear sky
254,Dunedin,NZ,-45.8742,170.5036,55.8,76,93,1.79,overcast clouds
255,Bella Vista,US,36.4295,-94.2316,72.52,34,0,7.2,clear sky
256,Terni,IT,42.6833,12.3167,40.01,86,10,1.32,clear sky
257,Stornoway,GB,58.2093,-6.3865,49.96,94,100,7.72,overcast clouds
258,Sawakin,SD,19.1059,37.3321,80.31,63,100,3.23,overcast clouds
259,Fortuna,US,40.5982,-124.1573,56.93,70,20,4.63,few clouds
260,Colomi,BO,-17.35,-65.8667,66.22,75,69,4.03,broken clouds
261,Praia,CV,14.9215,-23.5087,73.94,60,20,6.17,few clouds
262,Dingle,PH,10.9995,122.6711,75.43,86,100,3.12,overcast clouds
263,Vardo,NO,70.3705,31.1107,26.58,93,75,4.63,light shower snow
264,Abatskoye,RU,56.2875,70.4555,36.66,96,100,5.68,overcast clouds
265,Sri Aman,MY,1.2376,111.4621,75.25,94,75,0.0,broken clouds
266,Roma,US,43.2128,-75.4557,39.72,92,100,0.0,light rain
267,Fuengirola,ES,36.54,-4.6247,57.2,45,75,7.72,broken clouds
268,Diu,IN,20.7141,70.9822,77.99,65,5,6.79,clear sky
269,Nha Trang,VN,12.25,109.1833,77.0,86,100,4.21,overcast clouds
270,La Ronge,CA,55.1001,-105.2842,41.22,48,20,3.09,few clouds
271,Razole,IN,16.4833,81.8333,76.69,94,13,1.61,few clouds
272,Manga,BF,11.6636,-1.0731,88.21,44,100,4.3,light rain
273,Baykit,RU,61.67,96.37,-0.35,100,68,1.35,broken clouds
274,Cururupu,BR,-1.8283,-44.8683,81.16,77,75,2.41,broken clouds
275,Maarianhamina,AX,60.0973,19.9348,37.26,70,0,3.6,clear sky
276,Saskylakh,RU,71.9167,114.0833,-7.06,98,100,4.32,overcast clouds
277,Husavik,IS,66.0449,-17.3389,29.77,95,100,5.36,snow
278,Kargasok,RU,59.0556,80.8572,21.49,88,100,4.23,overcast clouds
279,Bambous Virieux,MU,-20.3428,57.7575,80.22,83,75,5.14,broken clouds
280,Rockhampton,AU,-23.3833,150.5,69.69,88,49,3.09,scattered clouds
281,Opoczno,PL,51.3757,20.2783,31.91,82,92,3.79,overcast clouds
282,Aksu,CN,41.1231,80.2644,57.31,29,0,1.35,clear sky
283,Saint Anthony,US,45.0205,-93.218,43.25,65,100,3.6,snow
284,Narsaq,GL,60.9167,-46.05,46.62,76,100,1.97,overcast clouds
285,Kirakira,SB,-10.4544,161.9205,80.71,83,100,4.77,overcast clouds
286,Porterville,US,36.0652,-119.0168,74.75,33,0,4.63,clear sky
287,Asau,RO,46.4333,26.4,32.92,93,100,0.54,snow
288,Priargunsk,RU,50.3691,119.1012,31.46,40,88,3.57,overcast clouds
289,Carnarvon,AU,-24.8667,113.6333,77.07,83,40,5.66,scattered clouds
290,Ketchikan,US,55.3422,-131.6461,44.58,75,100,7.72,light rain
291,Cuamba,MZ,-14.8031,36.5372,69.71,95,32,0.84,light rain
292,Vostok,RU,46.4856,135.8833,27.46,82,0,3.14,clear sky
293,Wajima,JP,37.4,136.9,46.22,81,7,4.91,clear sky
294,Maripi,CO,5.5519,-74.0086,73.69,88,89,1.23,overcast clouds
295,Las Palmas,ES,28.4204,-14.0131,63.39,82,40,6.17,scattered clouds
296,Airai,TL,-8.9266,125.4092,56.95,77,20,0.52,few clouds
297,Praia Da Vitoria,PT,38.7333,-27.0667,62.76,82,20,7.01,few clouds
298,Lufilufi,WS,-13.8745,-171.5986,78.58,75,69,6.4,broken clouds
299,Baillif,GP,16.0202,-61.7463,81.9,61,3,6.49,clear sky
300,Tacuati,PY,-23.45,-56.5833,90.82,43,90,2.13,overcast clouds
301,Carson City,US,39.1638,-119.7674,65.44,18,0,2.06,clear sky
302,Alcala La Real,ES,37.4614,-3.923,48.07,56,100,1.89,overcast clouds
303,Ferkessedougou,CI,9.6,-5.2,88.5,38,82,2.5,broken clouds
304,Whitianga,NZ,-36.8333,175.7,63.54,80,8,0.97,clear sky
305,Ruteng,ID,-8.6136,120.4721,59.02,90,93,0.45,overcast clouds
306,Derzhavinsk,KZ,51.1,66.3167,39.18,77,98,5.52,overcast clouds
307,Mastic Beach,US,40.7668,-72.8521,45.54,80,100,0.89,overcast clouds
308,Colesberg,ZA,-30.72,25.0972,62.76,75,19,2.63,few clouds
309,Lanxi,CN,29.2195,119.477,47.01,77,57,1.6,broken clouds
310,Gambela,ET,8.25,34.5833,80.17,57,26,1.24,light rain
311,Sompeta,IN,18.9333,84.6,77.68,90,16,6.11,few clouds
312,Krishnarajasagara,IN,12.4089,76.5797,75.16,74,73,2.02,broken clouds
313,Srivardhan,IN,18.0333,73.0167,78.35,78,12,2.62,few clouds
314,Babayurt,RU,43.6002,46.7789,53.6,56,22,3.88,few clouds
315,Carmen,MX,18.6333,-91.8333,87.84,62,0,3.09,clear sky
316,Bubaque,GW,11.2833,-15.8333,75.2,71,35,10.18,scattered clouds
317,Nouadhibou,MR,20.931,-17.0347,67.98,77,0,5.66,clear sky
318,Lompoc,US,34.6391,-120.4579,67.69,78,100,3.13,overcast clouds
319,San Patricio,US,28.017,-97.5169,88.16,43,0,6.27,clear sky
320,Ilo,PE,-17.6394,-71.3375,71.87,70,8,4.34,clear sky
321,Svetlogorsk,BY,52.6333,29.7333,28.9,85,100,3.0,overcast clouds
322,Amapa,BR,1.0,-52.0,77.52,97,100,1.11,moderate rain
323,Bluefields,NI,12.0137,-83.7635,87.87,70,75,3.09,broken clouds
324,Saldanha,ZA,-33.0117,17.9442,59.05,80,0,1.72,clear sky
325,Kudahuvadhoo,MV,2.6708,72.8944,82.8,63,8,0.42,clear sky
326,Ahipara,NZ,-35.1667,173.1667,64.74,86,3,1.0,clear sky
327,Cockburn Town,TC,21.4612,-71.1419,82.36,69,40,7.72,scattered clouds
328,Santa Ana,US,33.7456,-117.8678,68.94,69,75,2.57,broken clouds
329,Wageningen,NL,51.9667,5.6667,40.03,84,36,2.82,scattered clouds
330,Wajir,KE,1.7471,40.0573,89.08,35,100,2.98,overcast clouds
331,Wanning,CN,18.8003,110.3967,66.58,77,100,5.25,overcast clouds
332,Kholm,RU,59.2667,32.85,22.28,98,49,1.27,scattered clouds
333,Lloydminster,CA,53.2835,-110.0016,48.42,37,20,5.14,few clouds
334,Kaeo,NZ,-35.1,173.7833,66.33,92,18,0.46,few clouds
335,Pangoa,PE,-12.1167,-73.0,84.15,51,35,2.55,scattered clouds
336,Burgersdorp,ZA,-30.9977,26.3286,57.58,91,0,4.08,light rain
337,Buala,SB,-8.145,159.5921,78.28,83,100,2.01,overcast clouds
338,Byron Bay,AU,-28.65,153.6167,64.71,92,95,3.29,light rain
339,Bhitarwar,IN,25.8,78.1167,84.83,7,0,2.76,clear sky
340,Mpongwe,ZM,-13.5091,28.155,64.56,95,37,1.56,scattered clouds
341,Enterprise,US,36.0252,-115.2419,78.33,22,75,5.66,broken clouds
342,Surt,LY,31.2089,16.5887,62.82,77,0,7.06,clear sky
343,Negombo,LK,7.2083,79.8358,78.85,94,20,1.54,few clouds
344,Luderitz,NA,-26.6481,15.1594,60.57,87,0,2.6,clear sky
345,Mount Isa,AU,-20.7333,139.5,74.97,25,100,2.06,light rain
346,Cabedelo,BR,-6.9811,-34.8339,75.87,76,61,5.81,broken clouds
347,Sao Joao Da Barra,BR,-21.6403,-41.0511,78.89,82,14,4.97,few clouds
348,Comarapa,BO,-17.9,-64.4833,66.96,59,56,3.78,broken clouds
349,Astana,KZ,51.1801,71.446,37.35,87,0,3.0,clear sky
350,Harnosand,SE,62.6323,17.9379,32.02,88,100,2.07,overcast clouds
351,Les Cayes,HT,18.2,-73.75,82.44,66,37,5.09,scattered clouds
352,Bud,US,39.447,-86.1758,59.76,42,4,4.94,clear sky
353,Bonthe,SL,7.5264,-12.505,78.82,78,11,4.28,few clouds
354,Maniitsoq,GL,65.4167,-52.9,34.18,87,3,2.49,clear sky
355,Togur,RU,58.3631,82.8265,17.64,93,100,2.99,overcast clouds
356,Dabhol,IN,17.6,73.1667,75.78,81,17,2.4,few clouds
357,Vuktyl,RU,63.8567,57.3094,23.72,90,100,6.67,snow
358,Karmala,IN,18.4167,75.2,91.74,19,100,3.52,overcast clouds
359,Fairbanks,US,64.8378,-147.7164,22.01,63,40,1.54,scattered clouds
360,Pembroke,CA,45.8168,-77.1162,44.67,59,100,3.13,overcast clouds
361,The Valley,AI,18.217,-63.0578,84.06,61,20,6.69,few clouds
362,Policoro,IT,40.2115,16.6726,50.99,62,100,2.17,overcast clouds
363,Rio Grande,BR,-32.035,-52.0986,66.31,87,100,6.06,moderate rain
364,Suhbaatar,MN,50.2314,106.2078,28.44,70,69,0.91,broken clouds
365,Ipixuna,BR,-1.7625,-48.8043,79.66,94,94,1.36,light rain
366,Hambantota,LK,6.1241,81.1185,78.1,83,14,0.81,few clouds
367,Abu Samrah,SY,35.3029,37.1841,60.67,44,98,3.65,overcast clouds
368,Saint-Paul,RE,-21.0096,55.2707,75.31,81,100,1.92,light rain
369,Ossora,RU,59.2353,163.0719,11.89,84,39,2.66,scattered clouds
370,Nelson Bay,AU,-32.7167,152.15,63.0,91,98,2.59,overcast clouds
371,Pundaguitan,PH,6.3711,126.1689,80.8,77,100,3.08,overcast clouds
372,Beringovskiy,RU,63.05,179.3167,-4.9,86,49,6.82,scattered clouds
373,Sao Jose Da Coroa Grande,BR,-8.8978,-35.1478,79.66,81,21,4.43,few clouds
374,Liku,ID,-0.7275,119.8922,75.11,92,100,0.8,overcast clouds
375,Hamilton,US,39.1834,-84.5333,57.94,49,40,2.06,scattered clouds
376,Andenes,NO,69.3143,16.1194,28.38,59,1,10.8,clear sky
377,Palauig,PH,15.435,119.9045,77.88,73,97,2.79,overcast clouds
378,Coihaique,CL,-45.5752,-72.0662,53.55,58,75,3.6,light intensity shower rain
379,Troitskoye,RU,52.9821,84.6757,34.97,99,100,1.66,light snow
380,Ryazanovskiy,RU,55.55,39.4333,27.05,93,100,3.08,overcast clouds
381,Konstanz,DE,47.6603,9.1758,35.56,89,92,1.98,overcast clouds
382,Russkiy,RU,43.0147,131.8642,35.46,94,7,4.47,clear sky
383,Trincomalee,LK,8.5711,81.2335,80.64,78,5,2.42,clear sky
384,Lavrentiya,RU,65.5833,-171.0,-8.03,89,22,4.99,few clouds
385,Rudnogorsk,RU,57.2639,103.7519,9.68,98,98,1.01,overcast clouds
386,Tiszadob,HU,48.0167,21.1667,33.49,63,95,1.24,overcast clouds
387,Ambilobe,MG,-13.2,49.05,73.2,97,99,0.99,light rain
388,Ferme-Neuve,CA,46.7001,-75.4493,37.06,88,100,2.32,overcast clouds
389,Kavaratti,IN,10.5669,72.642,82.31,72,71,3.13,broken clouds
390,Callaway,US,30.153,-85.5699,80.91,39,0,3.13,clear sky
391,Ariquemes,BR,-9.9133,-63.0408,82.76,76,72,0.38,broken clouds
392,Aklavik,CA,68.2191,-135.0107,-9.4,59,40,4.12,scattered clouds
393,Atherton,GB,53.5237,-2.4935,46.29,74,100,0.89,overcast clouds
394,Qandala,SO,11.472,49.8728,85.14,41,36,4.2,scattered clouds
395,Betioky,MG,-23.7167,44.3833,72.03,62,0,2.2,clear sky
396,Huron,US,41.1501,-82.5499,42.98,80,100,4.82,overcast clouds
397,Muli,MV,2.9167,73.5667,82.74,63,4,0.77,clear sky
398,Atar,MR,20.5169,-13.0499,77.85,16,0,4.41,clear sky
399,Victoria,HK,22.2855,114.1577,65.25,62,0,5.36,clear sky
400,Ballina,AU,-28.8667,153.5667,64.78,96,100,3.09,light rain
401,Soure,BR,-0.7167,-48.5233,81.19,81,25,4.53,heavy intensity rain
402,Coahuayana,MX,18.7333,-103.6833,86.43,46,85,3.71,overcast clouds
403,Mizque,BO,-17.941,-65.3402,77.02,47,47,5.26,scattered clouds
404,Brekstad,NO,63.687,9.6654,33.57,93,40,2.57,scattered clouds
405,Sabha,LY,27.0377,14.4283,81.61,8,0,4.01,clear sky
406,Ust-Shonosha,RU,61.1531,41.343,17.6,95,65,2.26,broken clouds
407,Baruun-Urt,MN,46.6806,113.2792,37.83,62,97,6.25,overcast clouds
408,Oxford,GB,51.7522,-1.256,42.96,59,0,4.12,clear sky
409,Kedrovyy,RU,56.1667,91.8167,21.61,96,100,1.4,overcast clouds
410,Fatsa,TR,41.0278,37.5014,57.0,81,100,2.43,overcast clouds
411,Tabuk,PH,17.4189,121.4443,71.85,96,100,1.96,overcast clouds
412,Bandarbeyla,SO,9.4942,50.8122,79.29,75,94,1.99,overcast clouds
413,Goure,NE,13.9835,10.2704,81.54,7,13,1.81,few clouds
414,Fort Nelson,CA,58.8053,-122.7002,26.19,63,75,1.54,broken clouds
415,Karsava,LV,56.7841,27.6883,28.8,74,58,2.85,broken clouds
416,Vilyuysk,RU,63.7553,121.6247,-2.16,100,100,1.84,overcast clouds
417,Janauba,BR,-15.8025,-43.3089,89.87,28,1,5.69,clear sky
418,Isangel,VU,-19.55,169.2667,80.24,84,100,3.75,overcast clouds
419,Kathmandu,NP,27.7167,85.3167,66.42,77,75,1.54,broken clouds
420,Owando,CG,-0.4819,15.8999,75.4,80,66,1.26,broken clouds
421,Igarka,RU,67.4667,86.5833,-8.23,100,100,1.18,overcast clouds
422,Tuburan,PH,6.6439,122.2736,80.37,79,89,1.97,light rain
423,Nishihara,JP,26.1842,127.7558,63.68,80,40,6.17,scattered clouds
424,Cortes,ES,41.9395,-1.4396,44.65,60,0,10.83,clear sky
425,Touros,BR,-5.1989,-35.4608,79.02,85,99,5.23,overcast clouds
426,Puerto Suarez,BO,-18.95,-57.8,90.16,58,20,5.14,few clouds
427,Georgiyevka,KZ,43.0369,74.7114,48.24,81,0,2.0,clear sky
428,Sisimiut,GL,66.9395,-53.6735,34.07,89,14,1.88,few clouds
429,Chitral,PK,35.8462,71.7858,53.38,44,0,2.6,clear sky
430,Leningradskiy,RU,69.3833,178.4167,-17.82,100,95,1.12,overcast clouds
431,Sur,OM,22.5667,59.5289,82.44,46,9,4.06,clear sky
432,Launceston,AU,-41.45,147.1667,56.16,92,40,4.12,scattered clouds
433,Evensk,RU,61.95,159.2333,5.05,86,35,2.35,scattered clouds
434,Farafangana,MG,-22.8167,47.8333,74.28,87,17,1.95,few clouds
435,Northam,GB,51.0333,-4.2167,44.62,71,53,4.08,broken clouds
436,Sioux Lookout,CA,50.1001,-91.917,37.47,60,100,1.54,overcast clouds
437,Otofuke,JP,42.9917,143.2003,33.15,66,0,1.65,clear sky
438,Georgetown,MY,5.4112,100.3354,78.73,93,20,1.03,few clouds
439,Port Hardy,CA,50.6996,-127.4199,42.98,87,100,1.54,light intensity shower rain
440,Odweyne,SO,9.4092,45.064,75.45,34,7,4.26,clear sky
441,Ghanzi,BW,-21.5667,21.7833,65.93,88,100,5.46,moderate rain
442,Knyaze-Volkonskoye,RU,48.4642,135.4567,46.74,69,6,6.95,clear sky
443,Acapulco,MX,16.8634,-99.8901,84.76,53,4,4.71,clear sky
444,Nantucket,US,41.2835,-70.0995,48.31,74,100,4.63,overcast clouds
445,Amahai,ID,-3.3333,128.9167,78.1,82,100,0.68,overcast clouds
446,Nur,PL,52.6683,22.3221,23.95,86,21,2.36,few clouds
447,Coruripe,BR,-10.1256,-36.1756,79.95,78,70,4.53,broken clouds
448,Tutoia,BR,-2.7619,-42.2744,80.38,86,54,3.34,broken clouds
449,Allapalli,IN,19.4167,80.0667,85.96,26,25,1.48,scattered clouds
450,Moose Factory,CA,51.2585,-80.6094,30.2,43,100,4.63,overcast clouds
451,San Juan,AR,-31.5375,-68.5364,71.83,30,0,9.53,clear sky
452,Prince George,CA,53.9166,-122.753,42.3,87,75,10.8,broken clouds
453,Adrar,MR,20.5022,-10.0711,82.63,11,0,4.94,clear sky
454,Gweta,BW,-20.1833,25.2333,78.22,44,78,4.7,broken clouds
455,Kamogawa,JP,35.1,140.1,48.16,90,100,6.46,light rain
456,Cortez,US,37.3489,-108.5859,64.04,31,0,0.0,clear sky
457,Yinchuan,CN,38.4681,106.2731,51.62,14,64,1.78,broken clouds
458,Samfya,ZM,-11.3649,29.5565,67.23,86,33,0.42,scattered clouds
459,Pasni,PK,25.2631,63.471,77.2,70,6,2.32,clear sky
460,Williams Lake,CA,52.1415,-122.1445,51.06,41,75,8.75,broken clouds
461,Nurota,UZ,40.5614,65.6886,63.59,32,3,3.14,clear sky
462,Visnes,NO,59.3556,5.2242,41.22,93,75,8.75,light rain
463,Iralaya,HN,15.0,-83.2333,83.44,65,8,4.27,clear sky
464,Libreville,GA,0.3925,9.4537,79.47,83,54,2.53,broken clouds
465,Talara,PE,-4.5772,-81.2719,86.76,48,0,7.2,clear sky
466,Tianpeng,CN,30.9866,103.9393,54.07,90,100,2.31,overcast clouds
467,Duartina,BR,-22.4144,-49.4039,90.75,64,24,0.53,few clouds
468,Shishou,CN,29.7226,112.419,58.1,69,100,2.76,overcast clouds
469,Vila,PT,42.0304,-8.1588,40.08,68,22,2.28,few clouds
470,Salalah,OM,17.0151,54.0924,80.69,83,0,0.0,clear sky
471,Tamworth,GB,52.634,-1.6959,46.72,64,100,2.68,overcast clouds
472,Bukan,IR,36.521,46.2089,59.52,37,99,2.91,overcast clouds
473,Koygorodok,RU,60.445,50.9968,27.09,97,100,3.29,light snow
474,Stephenville Crossing,CA,48.5,-58.4318,35.22,86,75,8.23,broken clouds
475,Floresti,MD,47.8933,28.3014,34.72,77,90,6.35,overcast clouds
476,Cardston,CA,49.2,-113.3019,43.09,38,100,5.66,overcast clouds
477,Kibaya,TZ,-5.3,36.5667,60.08,86,95,1.82,overcast clouds
478,Jalu,LY,29.0331,21.5482,78.8,13,9,4.98,clear sky
479,Terney,RU,45.0503,136.6092,37.67,68,0,2.42,clear sky
480,Nogales,MX,31.3086,-110.9422,77.72,12,0,7.2,clear sky
481,Pangkalanbuun,ID,-2.6833,111.6167,73.65,98,34,0.48,light rain
482,Kitimat,CA,54.0524,-128.6534,42.91,53,87,0.89,overcast clouds
483,Maba,CN,24.6841,113.5984,53.28,78,0,0.92,clear sky
484,Fonte Boa,BR,-2.4959,-66.2662,79.05,89,95,1.31,overcast clouds
485,Pimentel,PE,-6.8367,-79.9342,82.69,47,0,7.72,clear sky
486,Kamina,CD,-8.7386,24.9906,66.72,92,98,0.63,light rain
487,Necochea,AR,-38.5473,-58.7368,55.35,66,100,10.9,overcast clouds
488,Batsfjord,NO,70.6345,29.7185,28.33,93,100,6.69,overcast clouds
489,Suluq,LY,31.6682,20.2521,76.24,17,0,2.89,clear sky
490,Nemuro,JP,43.3236,145.575,35.28,82,0,6.58,clear sky
491,Shingu,JP,33.7333,135.9833,49.66,88,97,2.68,overcast clouds
492,Saint-Augustin,CA,51.226,-58.6502,36.39,91,74,6.79,broken clouds
493,Benjamin Constant,BR,-4.3831,-70.0311,77.13,78,75,0.0,broken clouds
494,Jieshi,CN,22.8134,115.8257,60.94,60,0,7.29,clear sky
495,San Luis,AR,-33.295,-66.3356,64.78,27,1,8.28,clear sky
496,Shemgang,BT,27.2169,90.6579,54.88,94,99,0.75,overcast clouds
497,Nome,US,64.5011,-165.4064,13.15,52,0,1.54,clear sky
498,Kieta,PG,-6.2167,155.6333,79.11,83,99,0.47,overcast clouds
499,Quelimane,MZ,-17.8786,36.8883,80.55,83,0,3.13,clear sky
500,Camacha,PT,33.0833,-16.3333,58.42,67,75,11.32,broken clouds
501,Wadi Musa,JO,30.3222,35.4793,66.9,17,94,1.94,overcast clouds
502,Volchikha,RU,52.0333,80.3833,34.57,88,96,2.92,overcast clouds
503,Namibe,AO,-15.1961,12.1522,70.88,80,100,3.93,overcast clouds
504,Hoquiam,US,46.9809,-123.8893,51.78,90,100,12.35,moderate rain
505,Klaksvik,FO,62.2266,-6.589,45.52,98,100,7.69,overcast clouds
506,Namalenga,TZ,-10.95,39.1,71.89,96,96,1.56,overcast clouds
507,Yining,CN,29.0361,114.5636,52.68,82,97,0.43,overcast clouds
508,Vangaindrano,MG,-23.35,47.6,72.97,89,27,1.25,scattered clouds
509,Bilma,NE,18.6853,12.9164,87.26,5,3,2.59,clear sky
510,Jingdezhen,CN,29.2947,117.2079,50.49,80,48,1.51,scattered clouds
511,Santo Antonio Do Ica,BR,-3.1022,-67.9397,82.06,73,84,1.34,broken clouds
512,Korem,ET,12.5058,39.5228,58.39,48,1,1.98,clear sky
513,Kalmunai,LK,7.4167,81.8167,78.73,81,2,1.73,clear sky
514,Anloga,GH,5.7947,0.8973,83.07,84,95,7.82,light rain
515,Lander,US,42.833,-108.7307,49.98,22,0,2.06,clear sky
516,Champerico,GT,14.3,-91.9167,95.54,60,2,6.22,clear sky
517,Sasd,HU,46.2552,18.1078,34.54,80,100,1.6,overcast clouds
518,Chuy,UY,-33.6971,-53.4616,71.62,68,92,4.78,moderate rain
519,Emerald,AU,-23.5333,148.1667,71.74,78,100,5.14,overcast clouds
520,Ellisras,ZA,-23.6649,27.7443,69.94,73,100,1.73,light rain
521,Mecca,SA,21.4267,39.8261,83.8,30,89,2.38,overcast clouds
522,Dubti,ET,11.7361,41.0853,89.22,22,8,4.21,clear sky
523,Almaznyy,RU,48.0448,40.045,47.19,81,100,9.52,overcast clouds
524,Langenburg,DE,49.2544,9.8458,31.1,69,20,2.06,few clouds
525,Dicabisagan,PH,17.0818,122.4157,75.43,89,99,2.46,overcast clouds
526,Hauterive,FR,46.0901,3.4459,38.16,94,87,1.32,overcast clouds
527,Kruisfontein,ZA,-34.0033,24.7314,61.88,84,89,0.74,overcast clouds
528,Butembo,CD,0.15,29.2833,58.66,95,16,0.9,light rain
529,Gedo,ET,9.0167,37.45,59.52,49,100,2.02,overcast clouds
530,Chapais,CA,49.7834,-74.8492,38.98,85,100,2.68,overcast clouds
531,Pangnirtung,CA,66.1451,-65.7125,23.0,86,100,1.54,overcast clouds
532,Sohag,EG,26.557,31.6948,84.49,9,100,4.3,overcast clouds
533,Llanes,ES,43.4198,-4.7549,43.32,74,64,5.79,broken clouds
534,Povenets,RU,62.8487,34.8262,13.82,100,94,1.52,overcast clouds
535,Beisfjord,NO,68.3751,17.5988,24.85,84,82,4.39,broken clouds
536,Am Timan,TD,11.0297,20.2827,94.69,13,58,0.48,broken clouds
537,Tucupita,VE,9.0622,-62.051,83.7,57,97,3.28,overcast clouds
538,Aswan,EG,24.0934,32.907,94.3,18,0,5.66,clear sky
539,Amazar,RU,53.858,120.875,15.51,65,30,2.83,scattered clouds
540,Nizhniy Odes,RU,63.6445,54.856,22.6,93,100,5.56,light snow
541,Faya,SA,18.3851,42.4509,66.31,26,85,1.64,overcast clouds
542,Pawai,IN,24.2667,80.1667,83.93,10,0,1.39,clear sky
543,Deputatskiy,RU,69.3,139.9,-19.62,99,79,1.09,broken clouds
544,Mongo,TD,12.1844,18.693,91.78,9,100,1.96,overcast clouds
545,Port-Cartier,CA,50.0334,-66.8654,43.02,92,62,3.87,broken clouds
546,Hilton Head Island,US,32.2163,-80.7526,78.01,35,0,6.17,clear sky
547,Longonjo,AO,-12.9067,15.2533,64.58,96,100,1.32,overcast clouds
548,Portland,US,45.5234,-122.6762,55.63,67,100,4.47,overcast clouds
549,Chaman,PK,30.9236,66.4512,65.68,10,0,1.68,clear sky
550,Jinan,CN,36.6683,116.9972,53.17,57,2,3.91,clear sky
551,Morondava,MG,-20.2833,44.2833,81.57,68,29,4.15,scattered clouds
552,Healdsburg,US,38.6105,-122.8692,83.1,31,0,3.58,clear sky
553,Benghazi,LY,32.1167,20.0667,66.2,58,0,7.05,clear sky
554,Weligama,LK,5.9667,80.4167,77.56,85,43,0.6,scattered clouds
555,Lichinga,MZ,-13.3128,35.2406,66.29,94,0,2.68,clear sky
556,Margate,GB,51.3813,1.3862,42.69,64,57,1.34,broken clouds
557,Bardstown,US,37.8092,-85.4669,61.95,39,0,4.12,clear sky
558,Liverpool,GB,53.4106,-2.9779,46.35,70,20,4.12,few clouds
559,Uniara,IN,26.15,75.2167,83.64,10,0,4.59,clear sky
560,Spanish Town,JM,17.9911,-76.9574,87.71,66,20,8.23,few clouds
561,Ahvaz,IR,31.3203,48.6693,73.35,33,0,1.03,clear sky
562,Goderich,CA,43.7501,-81.7165,38.91,81,61,6.17,broken clouds
563,French Harbor,HN,16.35,-86.4333,85.06,81,20,2.57,few clouds
564,Honningsvag,NO,70.9821,25.9704,26.35,80,75,7.2,broken clouds
565,Carroll,US,39.5501,-77.0164,54.09,53,100,5.14,overcast clouds
566,Sabang,ID,5.8933,95.3214,80.2,78,100,4.83,overcast clouds
567,Beira,MZ,-19.8436,34.8389,80.69,78,20,4.63,few clouds
568,Galle,LK,6.0367,80.217,79.18,81,61,0.71,broken clouds
569,Grande-Synthe,FR,51.0154,2.2998,42.98,53,17,0.89,few clouds
570,Andros Town,BS,24.7,-77.7667,85.96,72,91,3.18,overcast clouds
571,Howard Springs,AU,-12.497,131.047,80.51,98,25,1.61,scattered clouds
572,Ulladulla,AU,-35.35,150.4667,61.7,60,100,4.24,overcast clouds
573,Gamba,GA,-2.65,10.0,77.54,94,100,1.74,overcast clouds
574,Agde,FR,43.3108,3.4758,44.46,58,0,5.66,clear sky
575,Mirnyy,RU,62.5353,113.9611,5.23,84,96,3.13,overcast clouds
576,Hirara,JP,24.8,125.2833,68.92,69,94,11.23,overcast clouds
577,Akdepe,TM,42.0551,59.3788,64.49,16,0,5.42,clear sky
578,Areosa,PT,41.7178,-8.8571,49.17,56,52,6.53,broken clouds
579,Zyryanka,RU,65.75,150.85,-21.71,100,67,0.83,broken clouds
580,Poya,NC,-21.35,165.15,79.38,89,100,2.34,overcast clouds
581,Ayame,CI,5.6083,-3.1563,79.21,86,91,2.98,overcast clouds
582,Bellingham,US,48.7595,-122.4882,54.37,66,100,12.86,overcast clouds
583,Severobaykalsk,RU,55.65,109.3167,3.87,86,20,3.12,few clouds
584,Pochutla,MX,15.7432,-96.4661,90.82,34,5,4.08,clear sky
585,Ewa Beach,US,21.3156,-158.0072,80.55,52,0,8.23,clear sky
586,Manokwari,ID,-0.8667,134.0833,78.17,77,100,1.21,overcast clouds
587,Lazaro Cardenas,MX,17.9583,-102.2,80.58,58,60,4.43,broken clouds
588,Coos Bay,US,43.3665,-124.2179,58.98,77,100,3.09,overcast clouds
589,Petropavlovsk-Kamchatskiy,RU,53.0452,158.6483,23.59,58,0,6.0,clear sky
590,Labuhan,ID,-6.8844,112.2051,75.49,90,100,4.16,overcast clouds
591,Sechura,PE,-5.5569,-80.8222,83.52,55,68,5.94,broken clouds
592,Muzhi,RU,65.3667,64.6667,19.71,95,100,7.87,light snow
593,Krasnoselkup,RU,65.7,82.4667,-1.89,99,97,2.78,overcast clouds
594,Tirumala,IN,13.6833,79.35,67.3,89,19,2.45,few clouds
595,Bhanpuri,IN,21.1,80.9167,84.81,22,6,1.81,clear sky
596,Teguise,ES,29.0605,-13.564,62.82,88,75,7.2,broken clouds
597,Camargo,MX,27.6667,-105.1667,85.51,7,18,2.43,few clouds
598,Chaoyang,CN,41.5703,120.4586,50.61,33,0,5.9,clear sky
599,Urumqi,CN,43.801,87.6005,50.95,40,0,3.0,clear sky
600,Vestmannaeyjar,IS,63.4427,-20.2734,42.98,81,100,8.45,overcast clouds
601,Kommunisticheskiy,RU,61.6789,64.4819,32.02,97,100,5.01,overcast clouds
602,Beloha,MG,-25.1667,45.05,71.8,88,1,4.63,clear sky
603,Viedma,AR,-40.8135,-62.9967,53.94,61,100,7.47,light rain
604,Manica,FR,49.0,-1.1667,30.67,79,6,0.83,clear sky
605,Tateyama,JP,34.9833,139.8667,48.13,87,75,5.14,shower rain
606,Miles City,US,46.4083,-105.8406,52.77,50,40,9.26,scattered clouds
607,Koumac,NC,-20.5667,164.2833,79.92,85,100,1.94,overcast clouds
608,Rorvik,NO,64.8621,11.2373,26.71,80,40,0.51,scattered clouds
609,Aktau,KZ,43.65,51.2,52.38,77,100,4.23,overcast clouds
610,Chernyshevskiy,RU,63.0128,112.4714,7.75,97,100,1.27,overcast clouds
611,Springfield,US,37.2153,-93.2982,69.15,41,0,6.71,clear sky
612,Yajalon,MX,17.2333,-92.3333,88.2,44,95,2.62,overcast clouds
613,Inuvik,CA,68.3499,-133.7218,-13.79,67,75,1.03,light snow
614,Beinamar,TD,8.6698,15.3813,90.32,12,24,1.59,few clouds
615,Sept-Iles,CA,50.2001,-66.3821,43.32,36,20,3.6,few clouds
616,Riyadh,SA,24.6877,46.7219,80.74,12,89,3.54,overcast clouds
617,Kenai,US,60.5544,-151.2583,39.02,59,0,5.14,clear sky
618,Burns Lake,CA,54.2331,-125.7533,36.82,46,99,5.24,overcast clouds
619,Pocao De Pedras,BR,-4.6667,-44.85,81.27,89,100,0.79,overcast clouds
620,Praya,CV,14.9215,-23.5087,73.94,60,20,6.17,few clouds
621,Ngunguru,NZ,-35.6167,174.5,64.29,83,11,0.68,few clouds
622,Sistranda,NO,63.7256,8.834,31.96,83,100,3.78,light snow
623,Trinidad,BO,-14.8333,-64.9,87.78,51,20,3.09,few clouds
624,Capreol,CA,46.706,-80.9225,39.54,65,75,1.03,broken clouds
625,Khonsa,IN,27.0167,95.5667,61.32,98,98,1.43,overcast clouds
626,Apache Junction,US,33.4151,-111.5496,83.23,21,0,3.09,clear sky
627,Rambha,IN,19.5167,85.1,78.46,89,7,7.8,clear sky
628,Guozhen,CN,34.3659,107.359,55.83,58,100,1.49,overcast clouds
629,Rio Claro,BR,-22.4114,-47.5614,77.4,74,84,1.12,broken clouds
630,Paita,PE,-5.0892,-81.1144,77.67,69,44,7.27,scattered clouds
631,Jasper,US,37.2001,-94.3502,72.9,36,40,6.69,scattered clouds
632,Havre,FR,49.5833,0.3333,37.17,75,0,3.09,clear sky
633,Gouyave,GD,12.1646,-61.7296,83.17,65,40,12.86,scattered clouds
634,Tatsuno,JP,34.8667,134.55,45.09,83,0,2.33,clear sky
